Name,Ticker,Industry,PEG_ratio,Market Cap,beta,Growth,Holders,recomendation
3M Company,MMM,Industrials,2.09,74051649536,0.945083,-0.002,0.67724997,hold
A.O. Smith Corporation,AOS,Industrials,,8837796864,1.139208,0.271,0.98113,hold
"ABIOMED, Inc.","ABIOMED, Inc.",Healthcare,14.83,12238209024,1.321839,0.119,0.94427,buy
AFLAC Incorporated,AFL,Financial Services,3.31,34984603648,0.956577,-0.102,0.60635,hold
"AMETEK, Inc.",AME,Industrials,-16.82,25792647168,1.260962,0.2,0.89519995,buy
"ANSYS, Inc.",ANSS,Technology,2.61,20946343936,1.265219,0.17,0.95398,hold
APA Corporation,APA,Energy,0.11,10820041728,4.068539,0.405,0.86212,buy
AT&T Inc.,T,Communication Services,-1.98,1.47E+11,0.646568,-0.133,0.54799,hold
AbbVie Inc.,ABBV,Healthcare,35.87,2.71E+11,0.748829,0.041,0.71018,buy
Abbott Laboratories,ABT,Healthcare,1.72,1.91E+11,0.738612,0.138,0.75495005,buy
Accenture plc,ACN,Technology,1.82,1.72E+11,1.220519,0.218,0.77611,none
"Activision Blizzard, Inc",ATVI,Communication Services,2.62,60278222848,0.545588,-0.223,0.84083,buy
Adobe Inc.,ADBE,Technology,1.94,1.78E+11,1.108131,0.144,0.85005,buy
Advance Auto Parts Inc.,AAP,Consumer Cyclical,1.21,11443337216,1.214559,0.013,1.0505201,buy
"Advanced Micro Devices, Inc.",AMD,Technology,0.64,1.31E+11,1.940825,0.709,0.68364,buy
"Agilent Technologies, Inc.",A,Healthcare,1.65,35495473152,1.044699,0.054,0.94374,none
"Air Products and Chemicals, Inc",APD,Basic Materials,1.78,49943277568,0.841634,0.177,0.84033996,buy
"Akamai Technologies, Inc.",AKAM,Technology,1.51,14172564480,0.647083,0.072,0.97535,buy
"Alaska Air Group, Inc.",ALK,Industrials,-0.48,5208860672,1.469135,1.109,0.78175,buy
Albemarle Corporation,ALB,Basic Materials,0.21,23504578560,1.575138,0.36,0.84190005,buy
Alexandria Real Estate Equities,ARE,Real Estate,-10.62,23309162496,0.893146,0.273,1.01945,buy
"Align Technology, Inc.",ALGN,Healthcare,0.58,20085946368,1.768412,0.088,0.88677,buy
Allegion plc,ALLE,Industrials,1.78,8517953024,1.054065,0.042,0.95888,hold
Alliant Energy Corporation,LNT,Utilities,,14587341824,0.466581,0.185,0.77502,buy
Allstate Corporation (The),ALL,Financial Services,2.69,33657921536,0.816943,-0.009,0.78178,buy
Alphabet Inc.,GOOGL,Communication Services,1.19,1.50E+12,1.060784,0.23,0.6607,strong_buy
Alphabet Inc.,GOOGL,Communication Services,1.19,1.48E+12,1.060784,0.23,0.79853994,buy
"Altria Group, Inc.",MO,Consumer Defensive,1.95,77135208448,0.612254,-0.013,0.60029,hold
"Amazon.com, Inc.",AMZN,Consumer Cyclical,3.9,1.16E+12,1.246487,0.073,0.60703,buy
Amcor plc,AMCR,Consumer Cyclical,2.46,18754570240,0.330138,0.156,0.44075,hold
Ameren Corporation,AEE,Utilities,,22659420160,0.367816,0.203,0.80867994,buy
"American Airlines Group, Inc.",AAL,Industrials,0.13,9398481920,1.548318,1.22,0.56028,hold
American Electric Power Company,AEP,Utilities,3.04,48899661824,0.357173,0.073,0.74854,buy
American Express Company,AXP,Financial Services,1.12,1.10E+11,1.094607,0.208,0.87077004,buy
"American International Group, I",AIG,Financial Services,0.84,39672975360,1.263516,0.093,0.93544,buy
American Tower Corporation (REI,AMT,Real Estate,4.29,1.20E+11,0.458918,0.232,0.91516995,buy
"American Water Works Company, I",AWK,Utilities,3.95,26971101184,0.411274,-0.052,0.87308,hold
"Ameriprise Financial, Inc.",AMP,Financial Services,0.98,25314189312,1.506598,0.09,0.85042,buy
AmerisourceBergen Corporation,ABC,Healthcare,1.29,29789970432,0.487441,0.174,0.67766,buy
Amgen Inc.,AMGN,Healthcare,1.98,1.33E+11,0.581524,0.057,0.81214,hold
Amphenol Corporation,APH,Technology,2.36,39482765312,1.210302,0.242,0.97097,buy
"Analog Devices, Inc.",ADI,Technology,0.89,82113757184,1.093231,0.789,0.88094,buy
Aon plc,AON,Financial Services,,57683496960,0.902511,0.041,0.90932,hold
Apple Inc.,AAPL,Technology,2.45,2.43E+12,1.19455,0.086,0.59736997,buy
"Applied Materials, Inc.",AMAT,Technology,0.89,82183897088,1.503192,0.119,0.80501,buy
Aptiv PLC,APTV,Consumer Cyclical,0.46,24782059520,1.999574,0.039,0.98379,buy
Archer-Daniels-Midland Company,ADM,Consumer Defensive,1.54,40514973696,0.814814,0.252,0.81474,buy
"Arista Networks, Inc.",ANET,Technology,1.44,31243190272,1.281396,0.314,0.66764,buy
Arthur J. Gallagher & Co.,AJG,Financial Services,2.16,34818772992,0.671775,0.13,0.85425,buy
"Assurant, Inc.",AIZ,Financial Services,0.76,9025721344,0.550021,0.021,1.043,buy
Atmos Energy Corporation,ATO,Utilities,2.61,14849689600,0.469607,0.107,0.87554,buy
"AutoZone, Inc.",AZO,Consumer Cyclical,1.23,45705814016,0.920588,0.158,0.95098,buy
"Autodesk, Inc.",ADSK,Technology,1.1,38285500416,1.460621,0.183,0.93075997,buy
"Automatic Data Processing, Inc.",ADP,Industrials,2.15,89452167168,0.823329,0.1,0.8134,hold
"AvalonBay Communities, Inc.",AVB,Real Estate,18.86,26940665856,0.935784,0.114,0.91919,hold
Avery Dennison Corporation,AVY,Industrials,2.54,13827692544,1.02745,0.145,0.94208,buy
Baker Hughes Company,BKR,Energy,0.54,23210745856,1.492156,0.011,0.88628,buy
Ball Corporation,BALL,Consumer Cyclical,1.44,21259573248,0.551298,0.189,0.91295,buy
Bank of America Corporation,BAC,Financial Services,0.68,2.64E+11,1.389215,-0.06,0.72128,buy
"Bath & Body Works, Inc.",BBWI,Consumer Cyclical,0.46,6292527616,1.709237,-0.014,1.03941,none
Baxter International Inc.,BAX,Healthcare,1.09,32684068864,0.683695,0.258,0.89189005,buy
"Becton, Dickinson and Company",BD,Healthcare,6.94,68193689600,0.65245,-0.06,0.87831,buy
Berkshire Hathaway Inc. New,BRK-B,Financial Services,1.03,6.24E+11,0.857843,0.115,0.67758006,hold
"Best Buy Co., Inc.",BBY,Consumer Cyclical,1.25,16317925376,1.487441,-0.085,0.83345,hold
"Bio-Rad Laboratories, Inc.",BIO,Healthcare,1.86,14774760448,0.908823,-0.037,0.74934,strong_buy
Bio-Techne Corp,TECH,Healthcare,2.85,13531336704,1.210294,0.201,0.96932,buy
Biogen Inc.,BIIB,Healthcare,-1.4,31877246976,0.439705,-0.042,0.85542,buy
"BlackRock, Inc.",BLK,Financial Services,2.08,91206402048,1.232352,0.068,0.81347,buy
Boeing Company (The),BA,Industrials,-5.04,87408304128,1.367816,-0.081,0.5541,none
Booking Holdings Inc. Common St,BKNG,Consumer Cyclical,0.4,69743763456,1.220098,1.408,0.94021004,buy
BorgWarner Inc.,BWA,Consumer Cyclical,0.48,8068294656,1.416666,-0.069,0.96376,buy
"Boston Properties, Inc.",BXP,Real Estate,5.1,13650930688,1.108333,0.118,1.02918,buy
Boston Scientific Corporation,BSX,Healthcare,2.04,53508370432,0.830882,0.1,0.92803,buy
Bristol-Myers Squibb Company,Null,Healthcare,2.28,1.68E+11,0.535784,0.052,0.78186,buy
Broadcom Inc.,AVGO,Technology,1.09,2.04E+11,1.02696,0.158,0.84027,buy
"Broadridge Financial Solutions,",BR,Technology,1.81,17407428608,0.962254,0.194,0.90637,hold
"Brown & Brown, Inc.",BRO,Financial Services,1.82,16750746624,0.741176,0.11,0.75621,hold
Brown Forman Inc,Null,Consumer Defensive,5.47,33333747712,0.80196,0.138,0.49543998,hold
"C.H. Robinson Worldwide, Inc.",CHRW,Industrials,2.02,12801120256,0.777941,0.419,0.94488996,buy
CBRE Group Inc,CBRE,Real Estate,1.15,26090559488,1.375,0.237,0.98982,buy
CDW Corporation,CDW,Technology,1.31,21920622592,1.109803,0.117,0.96851,buy
"CF Industries Holdings, Inc.",CF,Basic Materials,0.08,18133862400,1.027941,1.305,0.94155,buy
CME Group Inc.,CME,Financial Services,3.3,72577040384,0.434803,0.077,0.87961,hold
CMS Energy Corporation,CMS,Utilities,2.81,19177940992,0.257843,0.177,0.94187,hold
CSX Corporation,CSX,Industrials,1.29,64010899456,1.22745,0.213,0.77135,buy
CVS Health Corporation,CVS,Healthcare,2.05,1.26E+11,0.786764,,0.79745,buy
"Cadence Design Systems, Inc.",CDNS,Technology,2.02,43511136256,1.127941,0.225,0.88054,buy
"Caesars Entertainment, Inc.",CZR,Consumer Cyclical,-0.61,8048591360,2.860294,0.635,0.94693,buy
Camden Property Trust,CPT,Real Estate,2.71,13498179584,0.787745,0.173,0.99285007,buy
Campbell Soup Company,CPB,Consumer Defensive,21.42,14703691776,0.472549,-0.031,0.53688,hold
Capital One Financial Corporati,COF,Financial Services,-0.84,46031020032,1.510294,-0.055,0.93272,buy
CarMax Inc,KMX,Consumer Cyclical,0.95,14819382272,1.45147,0.47,1.0343,buy
"Cardinal Health, Inc.",CAH,Healthcare,2.89,15557515264,0.921078,0.094,0.90212,hold
Carnival Corporation,CCL,Consumer Cyclical,-0.99,10701677568,2.07598,61.423,0.5382,none
Carrier Global Corporation,CARR,Industrials,1.43,31197061120,0.885856,-0.01,0.89408,buy
"Catalent, Inc.",CTLT,Healthcare,1.6,17661466624,1.382843,0.336,1.01457,buy
"Caterpillar, Inc.",Null,Industrials,0.67,93788528640,,0.143,0.7053,buy
"Cboe Global Markets, Inc.",CBOE,Financial Services,3.77,12688384000,0.659803,-0.036,0.82892996,buy
Celanese Corporation Celanese C,CE,Basic Materials,-2.43,11838631936,1.291666,0.412,0.94889,buy
Centene Corporation,CNC,Healthcare,1.37,52316880896,0.513235,0.215,0.95821,buy
"CenterPoint Energy, Inc (Holdin",CNP,Utilities,-28.09,18620721152,0.946568,0.127,0.92292,buy
Ceridian HCM Holding Inc.,CDAY,Technology,7.46,7528717824,1.459316,0.266,1.04187,none
Charles River Laboratories Inte,CRL,Healthcare,1.33,11089552384,1.228431,0.144,0.94755,buy
Charles Schwab Corporation (The,SCHW,Financial Services,0.74,1.18E+11,0.998039,-0.009,0.73807997,buy
"Charter Communications, Inc.",CHTR,Communication Services,0.49,85450096640,0.935294,0.054,0.64005995,buy
Chevron Corporation,CVX,Energy,0.32,2.70E+11,1.132822,0.683,0.71863997,buy
"Chipotle Mexican Grill, Inc.",CMG,Consumer Cyclical,1.47,36575739904,1.308333,0.16,0.93244004,buy
Chubb Limited,CB,Financial Services,0.81,79338184704,0.765686,-0.034,0.91293,none
"Church & Dwight Company, Inc.",CHD,Consumer Defensive,4.16,23895001088,0.431372,0.047,0.8668,hold
Cigna Corporation,CI,Healthcare,1.02,90847723520,0.856862,0.093,0.90249,buy
Cincinnati Financial Corporatio,CINF,Financial Services,1.56,18109024256,0.645098,-0.454,0.69055,hold
Cintas Corporation,CTAS,Industrials,2.71,40250658816,1.517647,0.103,0.67496,buy
"Cisco Systems, Inc.",CSCO,Technology,1.97,1.82E+11,0.946568,0.064,0.75448996,buy
"Citigroup, Inc.",C,Financial Services,-0.7,99173810176,1.667647,-0.091,0.79602,buy
"Citizens Financial Group, Inc.",CFG,Financial Services,-3.14,15684159488,,-0.087,0.84352,buy
"Citrix Systems, Inc.",CTXS,Technology,8.82,12787849216,0.030882,0.051,0.88764,hold
Clorox Company (The),CLX,Consumer Defensive,-7.03,18266042368,0.205882,-0.082,0.82019997,hold
Coca-Cola Company (The),KO,Consumer Defensive,3.97,2.70E+11,0.657843,0.163,0.70774,buy
Cognizant Technology Solutions ,CTSH,Technology,1.55,34993987584,1.105392,0.142,0.94297,buy
Colgate-Palmolive Company,CL,Consumer Defensive,6.17,65868652544,0.607352,0.013,0.80289,hold
Comcast Corporation,CMCSA,Communication Services,0.85,1.87E+11,0.931862,0.14,0.86013,buy
Comerica Incorporated,CMA,Financial Services,-0.97,9800765440,1.371078,-0.206,0.8261,buy
"ConAgra Brands, Inc.",Null,Consumer Defensive,17.73,16179943424,0.756372,0.051,0.88421994,hold
ConocoPhillips,COP,Energy,0.54,1.09E+11,1.420588,1.771,0.80521005,buy
"Consolidated Edison, Inc.",ED,Utilities,4.07,33040156672,0.221078,0.154,0.67893,underperform
"Constellation Brands, Inc.",STZ,Consumer Defensive,2.27,45851004928,1.198039,0.077,0.8561,buy
Constellation Energy Corporatio,CEG,Utilities,,,,0.277,0.7959,buy
"Copart, Inc.",CPRT,Consumer Cyclical,1.09,27511435264,1.123529,0.406,0.85647005,buy
Corning Incorporated,Null,Technology,0.69,28333146112,0.948529,0.119,0.70304,buy
"Corteva, Inc.",CTVA,Basic Materials,1.23,37903265792,0.706639,0.085,0.83096004,buy
Costco Wholesale Corporation,COST,Consumer Defensive,3.15,2.32E+11,0.669117,0.159,0.68764997,buy
Coterra Energy Inc.,CTRA,Energy,0.09,21901518848,-0.189215,4.191,0.94558,buy
Crown Castle International Corp,CCI,Real Estate,3.36,74943995904,0.575,0.173,0.93008006,buy
Cummins Inc.,CMI,Industrials,1.37,28085764096,1.041666,0.003,0.84809,buy
"D.R. Horton, Inc.",DHI,Consumer Cyclical,0.4,26165055488,1.648529,0.241,0.80103,buy
D/B/A Royal Caribbean Cruises L,Null,Consumer Cyclical,-0.16,8346919936,2.514705,27.773,0.76473,buy
DBA Sempra,Null,Utilities,2.73,48296529920,0.645098,0.212,0.88839996,buy
DENTSPLY SIRONA Inc.,Null,Healthcare,1.67,7631570432,0.868627,0.006,1.01912,hold
DISH Network Corporation,Null,Communication Services,-0.23,9386234880,1.996078,-0.024,0.86293,buy
DTE Energy Company,DTE,Utilities,6.19,24250746880,0.662745,0.278,0.72998,buy
DXC Technology Company,DXC,Technology,0.26,7249349120,2.241666,-0.046,0.88808,hold
DaVita Inc.,DVA,Healthcare,,8085462016,1.195402,-0.001,0.88886,hold
Danaher Corporation,DHR,Healthcare,2.11,1.83E+11,0.779901,0.121,0.80125,buy
"Darden Restaurants, Inc.",DRI,Consumer Cyclical,0.58,15196525568,1.406372,0.413,0.93594,buy
Deere & Company,Null,Industrials,0.82,90987839488,1.085142,0.109,0.80674005,buy
"Delta Air Lines, Inc.",DAL,Industrials,-0.43,19293648896,1.193699,0.94,0.66125,buy
Devon Energy Corporation,DVN,Energy,0.27,35684667392,2.784803,0.74,0.85138,buy
"DexCom, Inc.",Null,Healthcare,3.24,7670407168,0.929411,0.245,0.97471,buy
"Diamondback Energy, Inc. - Comm",FANG,Energy,0.34,19773440000,2.292647,1.63,0.94067,buy
"Digital Realty Trust, Inc.",DLR,Real Estate,4.46,34332553216,0.341666,0.113,0.98723,buy
Discover Financial Services,DFS,Financial Services,0.12,30482835456,1.567647,-0.13,0.87068003,buy
Dollar General Corporation,DG,Consumer Defensive,1.95,55419043840,0.425713,0.042,0.97226,buy
"Dollar Tree, Inc.",DLTR,Consumer Defensive,1.03,37783609344,0.754901,0.046,1.0462201,buy
"Dominion Energy, Inc.",D,Utilities,3.1,64144707584,0.421568,0.102,0.69578004,buy
Domino's Pizza Inc,DPZ,Consumer Cyclical,2.56,14784098304,0.619117,0.028,0.98622,buy
Dover Corporation,DOV,Industrials,1.19,17354510336,1.382352,0.099,0.94461,buy
Dow Inc.,DOW,Basic Materials,-1.26,36647874560,1.483339,0.285,0.66399,hold
"DuPont de Nemours, Inc.",DD,Basic Materials,1.25,28288477184,1.208333,0.139,0.76161003,buy
Duke Energy Corporation (Holdin,DUK,Utilities,3.31,82710364160,0.349084,0.16,0.63438,buy
Duke Realty Corporation,DRE,Real Estate,11.17,21719873536,0.730392,-0.036,0.98737997,none
"EOG Resources, Inc.",EOG,Energy,0.77,56917553152,1.778921,1.047,0.90667,buy
"EPAM Systems, Inc.",EPAM,Technology,1.77,17161081856,1.811274,0.531,0.92961,buy
Eastman Chemical Company,EMN,Basic Materials,1.24,11920794624,1.484313,0.127,0.91877,buy
"Eaton Corporation, PLC",ETN,Industrials,1.21,51415416832,1.198039,0.024,0.84002,buy
Ecolab Inc.,ECL,Basic Materials,2.28,44469465088,1.092156,0.132,0.91156,hold
Edison International,EIX,Utilities,3.18,23387136000,0.695588,0.055,0.88474,buy
Edwards Lifesciences Corporatio,EW,Healthcare,2.65,62077530112,1.147549,0.102,0.86039,buy
Electronic Arts Inc.,EA,Communication Services,1.28,34830635008,0.82745,0.069,0.92187,buy
Eli Lilly and Company,LLY,Healthcare,3.57,3.15E+11,0.36739,0.148,0.84052,buy
Emerson Electric Company,EMR,Industrials,1.64,47417638912,1.455882,0.075,0.75977,buy
"Enphase Energy, Inc.",ENPH,Technology,2.12,26295697408,1.25,0.462,0.735,buy
Entergy Corporation,ETR,Utilities,3.13,22132027392,0.636764,0.012,0.9196,buy
"Equifax, Inc.",EFX,Industrials,1.7,23475623936,1.50049,0.124,0.9871,buy
"Equinix, Inc.",EQIX,Real Estate,3.09,55803035648,0.455882,0.087,0.94997,buy
Equity Residential,EQR,Real Estate,9.75,26746140672,0.808333,0.093,0.94242996,hold
"Essex Property Trust, Inc.",ESS,Real Estate,6.85,17277556736,0.770098,0.083,0.98163,buy
"Estee Lauder Companies, Inc. (T",EL,Consumer Defensive,2.61,88381382656,1.075,0.141,0.91165,buy
"Etsy, Inc.",ETSY,Consumer Cyclical,0.73,10459432960,1.631372,0.162,0.92305,buy
"Everest Re Group, Ltd.",RE,Financial Services,0.14,10361133056,0.619607,0.07,0.97069,none
"Evergy, Inc.",EVRG,Utilities,3.87,15017671680,0.496078,0.025,0.93862,buy
Eversource Energy (D/B/A),ES,Utilities,3.3,28762812416,0.45098,0.111,0.79962,hold
Exelon Corporation,EXC,Utilities,2.39,43271004160,0.588235,0.187,0.87738,buy
"Expedia Group, Inc.",EXPE,Consumer Cyclical,0.77,13993610240,1.542156,1.477,1.02383,buy
Expeditors International of Was,EXPD,Industrials,-0.78,16403389440,0.873529,0.81,0.9399,hold
Extra Space Storage Inc,EXR,Real Estate,4.99,22704066560,0.42549,0.211,0.96589,buy
Exxon Mobil Corporation,XOM,Energy,,3.56E+11,1.051936,0.525,0.56931996,buy
"F5, Inc.",FFIV,Technology,1.96,9082157056,1.106372,-0.017,0.98319,buy
FIRST REPUBLIC BANK,FRC,Financial Services,1.14,27932760064,1.124019,0.206,0.9721,buy
FMC Corporation,FMC,Basic Materials,1.87,12790444032,0.874509,0.227,0.89811,buy
FactSet Research Systems Inc.,FDS,Financial Services,1.94,15118124032,0.812745,0.1,0.91747004,hold
Fastenal Company,FAST,Industrials,4.27,27630831616,1.304901,0.203,0.79916,hold
FedEx Corporation,FDX,Industrials,0.52,57718194176,1.316666,0.099,0.74459,buy
Federal Realty Investment Trust,FRT,Real Estate,7.76,7551027200,1.154411,0.171,0.91148,buy
Fidelity National Information S,FIS,Technology,0.91,57982984192,0.738725,0.107,0.93309,buy
Fifth Third Bancorp,FITB,Financial Services,1.75,23027752960,1.312745,-0.137,0.81538004,buy
FirstEnergy Corp.,FE,Utilities,-7.21,21364946944,0.345588,0.096,0.87848,buy
"Fiserv, Inc.",FISV,Technology,0.94,62167445504,0.814215,0.102,0.93338996,buy
"FleetCor Technologies, Inc.",FLT,Technology,0.87,17024910336,1.310784,0.3,0.95568,buy
Ford Motor Company,F,Consumer Cyclical,0.09,47475331072,1.098039,-0.048,0.59564996,hold
"Fortinet, Inc.",FTNT,Technology,2.52,9845969920,1.144117,0.288,0.68724996,buy
Fortive Corporation,FTV,Technology,0.49,19685931008,1.20049,0.093,0.90015,buy
"Fortune Brands Home & Security,",FBIN,Consumer Cyclical,1.26,8536311296,1.623529,0.083,0.88512003,buy
Fox Corporation,FOXA,Communication Services,2.72,18477869056,0.941705,0.087,0.57493997,none
Fox Corporation,FOXA,Communication Services,1.5,18555793408,0.941705,0.087,1.0302501,buy
"Franklin Resources, Inc.",BEN,Financial Services,-11.54,12354193408,1.174509,0.115,0.47535,hold
"Freeport-McMoRan, Inc.",FCX,Basic Materials,-0.25,37915893760,2.004901,0.361,0.81425005,buy
Garmin Ltd.,GRMN,Technology,1.41,19212967936,1.02647,0.094,0.56447,none
"Gartner, Inc.",IT,Technology,1.65,19794104320,1.581372,0.174,0.93446,buy
Generac Holdlings Inc.,GNRC,Industrials,1.29,13568135168,0.999019,0.402,0.90293,buy
General Dynamics Corporation,GD,Industrials,1.68,59410280448,0.992647,0,0.86050004,buy
General Electric Company,GE,Industrials,0.47,69029085184,0.964705,-0.002,0.68851995,buy
"General Mills, Inc.",GIS,Consumer Defensive,4.37,45192265728,0.502941,0.004,0.77429,hold
General Motors Company,GM,Consumer Cyclical,1.74,47722635264,1.203921,0.108,0.84573,buy
Genuine Parts Company,GPC,Consumer Cyclical,3.59,19731142656,1.107843,0.186,0.80009,hold
"Gilead Sciences, Inc.",GILD,Healthcare,-7.04,78524186624,0.415686,0.026,0.86394,buy
Global Payments Inc.,GPN,Industrials,0.68,33309337600,1.060294,0.137,0.8815,buy
Globe Life Inc.,GL,Financial Services,0.84,9978744832,1.013235,0.033,0.80057,hold
"Goldman Sachs Group, Inc. (The)",GS,Financial Services,-1,98028560384,1.453431,-0.304,0.71638,buy
"HCA Healthcare, Inc.",HCA,Healthcare,1.68,53374660608,1.606862,0.069,0.71352994,buy
HP Inc.,HPQ,Technology,2.4,34278914048,1.00098,0.088,0.77942,hold
Halliburton Company,HAL,Energy,0.3,24937932800,2.439215,0.241,0.81448,buy
Hartford Financial Services Gro,Null,Financial Services,0.77,21438834688,1.019607,0.018,0.93824,buy
"Hasbro, Inc.",HAS,Consumer Cyclical,0.99,10926782464,0.95098,0.043,0.78145,buy
"Healthpeak Properties, Inc.",PEAK,Real Estate,25.5,14134467584,0.748529,0.119,0.9908,buy
"Henry Schein, Inc.",HSIC,Healthcare,2.3,10612720640,0.716666,0.052,0.98710996,hold
Hess Corporation,HES,Energy,0.19,29489108992,1.769607,0.21,0.83247,buy
Hewlett Packard Enterprise Comp,HPE,Technology,1.21,17163949056,1.17696,0.019,0.84219,buy
Hilton Worldwide Holdings Inc.,HLT,Consumer Cyclical,0.66,32426514432,1.259313,1.016,1.04666,buy
"Hologic, Inc.",HOLX,Healthcare,7.68,17747806208,1.122058,-0.066,0.98182,buy
"Home Depot, Inc. (The)",Null,Consumer Cyclical,1.23,3.05E+11,1.044607,0.107,0.71719,buy
Honeywell International Inc.,HON,Industrials,2.09,1.19E+11,1.15,-0.009,0.75475,buy
Hormel Foods Corporation,HRL,Consumer Defensive,3.2,25929420800,0.098039,0.237,0.42900002,hold
Host Hotels,Null,Real Estate,0.93,11395998720,1.294607,2.776,1.0457801,buy
Howmet Aerospace Inc.,HWM,Industrials,0.93,14234903552,1.440196,0.038,0.95909,buy
Humana Inc.,HUM,Healthcare,1.25,62665465856,0.938725,0.16,0.97807,buy
Huntington Bancshares Incorpora,HBAN,Financial Services,-4.41,18446495744,1.212254,0.141,0.82058,buy
"Huntington Ingalls Industries, ",HII,Industrials,0.99,8197682688,0.895588,-0.029,0.87705004,hold
IDEX Corporation,IEX,Industrials,2.02,14161627136,1.105392,0.152,1.04865,buy
"IDEXX Laboratories, Inc.",Null,Healthcare,3.97,31385503744,1.003431,0.111,0.89556,buy
"IQVIA Holdings, Inc.",IQV,Healthcare,1.32,41853042688,1.457352,0.047,0.90975,buy
Illinois Tool Works Inc.,ITW,Industrials,2.24,56693182464,1.112254,0.059,0.81283,hold
"Illumina, Inc.",ILMN,Healthcare,37.51,29573523456,0.930882,0.258,0.89255995,hold
Incyte Corporation,INCY,Healthcare,1.52,17677907968,0.724019,0.093,0.9517,buy
Ingersoll Rand Inc.,IR,Industrials,0.98,16710984704,1.489331,0.164,0.99121004,buy
Intel Corporation,INTC,Technology,3.72,1.57E+11,0.549019,-0.067,0.64538,hold
Intercontinental Exchange Inc.,ICE,Financial Services,2.21,53991010304,0.844607,0.101,0.90542,buy
International Business Machines,Null,Technology,1.06,1.25E+11,1.104901,0.077,0.57352,hold
International Flavors & Fragran,Null,Basic Materials,4.8,29522362368,1.05049,1.387,0.95247,none
International Paper Company,IP,Consumer Cyclical,0.52,16234064896,0.95147,0.14,0.89321,hold
"Interpublic Group of Companies,",Null,Communication Services,2.05,11033015296,0.998039,0.098,1.02914,buy
Intuit Inc.,INTU,Technology,1.82,1.11E+11,1.115686,0.696,0.871,buy
"Intuitive Surgical, Inc.",ISRG,Healthcare,4.44,75348426752,1.169607,0.151,0.87034,buy
Invesco Ltd,IVZ,Financial Services,6.39,7490001920,1.190686,-0.018,0.90164,none
Iron Mountain Incorporated (Del,IRM,Real Estate,5.14,12983422976,0.883333,0.153,0.81527,buy
"J.B. Hunt Transport Services, I",JBHT,Industrials,0.8,17598246912,1.036274,0.332,0.76021004,buy
J.M. Smucker Company (The) New,SJM,Consumer Defensive,10.52,14281158656,0.299019,-0.009,0.84463996,hold
JP Morgan Chase & Co.,Null,Financial Services,1.48,3.42E+11,1.094117,-0.197,0.71735,buy
"Jack Henry & Associates, Inc.",JKHY,Technology,2.63,14066309120,0.589215,0.169,0.95932996,hold
Jacobs Engineering Group Inc.,Null,Industrials,1.33,16239878144,0.858823,0,0.87507004,buy
Johnson & Johnson,JNJ,Healthcare,3.17,4.69E+11,0.719607,0.05,0.70428,buy
Johnson Controls International ,JCI,Industrials,0.93,33040216064,1.169117,0.098,0.96782994,none
"Juniper Networks, Inc.",JNPR,Technology,1.17,9274162176,0.892647,0.087,0.92386,hold
KLA Corporation,KLAC,Technology,0.8,46548455424,1.287356,0.269,0.92028,buy
Kellogg Company,Null,Consumer Defensive,6.88,24714360832,0.568627,-0.013,0.87353,hold
Keurig Dr Pepper Inc.,KDP,Consumer Defensive,3.09,51939872768,0.601149,0.061,0.52551997,buy
KeyCorp,KEY,Financial Services,15.51,16312136704,1.322549,-0.125,0.86143994,hold
Keysight Technologies Inc.,KEYS,Technology,1.83,26282999808,1.055882,0.059,0.86933,buy
Kimberly-Clark Corporation,KMB,Consumer Defensive,3.68,45349040128,0.507352,0.074,0.76789004,hold
Kimco Realty Corporation,KIM,Real Estate,6.99,12402532352,1.47647,0.513,0.95024,buy
"Kinder Morgan, Inc.",KMI,Energy,-6.14,38002126848,0.940196,-0.176,0.60355,hold
Kroger Company (The),KR,Consumer Defensive,1.76,34167990272,0.530864,0.08,0.82698995,hold
"L3Harris Technologies, Inc.",LHX,Industrials,0.45,43923001344,0.760784,-0.102,0.80627996,none
LKQ Corporation,LKQ,Consumer Cyclical,0.37,14559976448,1.639215,0.056,1.00756,strong_buy
Laboratory Corporation of Ameri,Null,Healthcare,-0.97,23399606272,1.044607,-0.063,0.92053,buy
Lam Research Corporation,LRCX,Technology,1.04,60139479040,1.247058,0.055,0.83744,buy
"Lamb Weston Holdings, Inc.",LW,Consumer Defensive,2.23,10750604288,0.684803,0.066,0.86480004,buy
Las Vegas Sands Corp.,LVS,Consumer Cyclical,-0.19,26380574720,1.332352,-0.212,0.38069,buy
"Leidos Holdings, Inc.",LDOS,Technology,,13487172608,0.723286,0.054,0.83263,buy
Lennar Corporation,LEN,Consumer Cyclical,0.19,22207623168,1.466155,0.3,0.94746,buy
Lincoln National Corporation,LNC,Financial Services,0.2,8504165376,1.97598,0.113,0.77342004,buy
Linde plc,LIN,Basic Materials,,1.39E+11,0.896551,0.134,0.81447,buy
"Live Nation Entertainment, Inc.",LYV,Communication Services,1.57,18979276800,1.27696,10.387,0.74864995,buy
Lockheed Martin Corporation,LMT,Industrials,2.01,1.10E+11,0.792156,-0.08,0.7768,buy
Loews Corporation,L,Financial Services,,14320461824,0.889215,-0.004,0.6193,hold
"Lowe's Companies, Inc.",LOW,Consumer Cyclical,1.16,1.18E+11,1.247765,-0.031,0.79560995,buy
"Lumen Technologies, Inc.",LUMN,Communication Services,-0.35,11027295232,1.019117,-0.054,0.79533,hold
LyondellBasell Industries NV,LYB,Basic Materials,1.9,28200116224,1.388725,0.449,0.74178004,buy
M&T Bank Corporation,MTB,Financial Services,2.14,20101883904,0.918137,-0.051,0.6639,buy
MGM Resorts International,MGM,Consumer Cyclical,-0.11,12453499904,2.181353,0.788,0.71584,buy
MSCI Inc,MSCI,Financial Services,2.25,34534449152,0.996078,0.17,0.93505996,buy
Marathon Oil Corporation,MRO,Energy,0.59,16232497152,2.766666,1.091,0.802,buy
Marathon Petroleum Corporation,MPC,Energy,0.55,51967934464,1.910294,0.967,0.82037,buy
"MarketAxess Holdings, Inc.",MKTX,Financial Services,3.51,10136724480,0.406862,-0.048,0.97110003,hold
Marriott International,MAR,Consumer Cyclical,0.25,46686662656,1.690686,1.11,0.63535,buy
"Marsh & McLennan Companies, Inc",Null,Financial Services,2.67,76229042176,0.961764,0.092,0.91073996,buy
"Martin Marietta Materials, Inc.",MLM,Basic Materials,1.38,19647803392,0.773529,0.265,0.95286006,buy
Masco Corporation,MAS,Industrials,1.15,12646383616,1.234142,0.117,0.96129,buy
Mastercard Incorporated,MA,Financial Services,1.33,3.23E+11,1.032354,0.244,0.78093004,buy
"Match Group, Inc.",MTCH,Communication Services,1.96,18468464640,,0.237,0.9897,buy
"McCormick & Company, Incorporat",MKC,Consumer Defensive,4.36,21852698624,0.471078,0.028,0.86061996,hold
McDonald's Corporation,MCD,Consumer Cyclical,3.33,1.89E+11,0.554704,0.106,0.6969,buy
McKesson Corporation,MCK,Healthcare,1.05,50385059840,0.716666,0.096,0.898,buy
Medtronic plc.,MDT,Healthcare,1.47,1.20E+11,0.75245,-0.002,0.83663005,buy
"Merck & Company, Inc.",MRK,Healthcare,1.23,2.40E+11,0.35547,0.496,0.75101995,buy
"MetLife, Inc.",MET,Financial Services,0.91,49653673984,1.184313,0.035,0.77532995,buy
"Mettler-Toledo International, I",Null,Healthcare,1.77,26639505408,1.077941,0.106,0.95485,hold
Microchip Technology Incorporat,MCHP,Technology,0.51,34612850688,1.566176,0.3,0.92716,buy
"Micron Technology, Inc.",MU,Technology,0.24,68924055552,1.155392,0.249,0.82324,buy
Microsoft Corporation,MSFT,Technology,1.7,1.92E+12,0.932311,0.184,0.71946996,buy
Mid-America Apartment Communiti,Null,Real Estate,6.81,19284463616,0.719607,0.12,0.9566,buy
"Moderna, Inc.",MRNA,Healthcare,-0.15,66390122496,1.646803,2.132,0.64172995,buy
"Mohawk Industries, Inc.",MHK,Consumer Cyclical,1.06,8440134656,1.507352,0.13,0.78985,hold
Molina Healthcare Inc,MOH,Healthcare,0.87,17455177728,0.783333,0.194,0.96699,buy
Molson Coors Beverage Company,TAP,Consumer Defensive,5.32,12751092736,0.95196,0.142,0.8935,hold
"Mondelez International, Inc.",MDLZ,Consumer Defensive,3.22,84730478592,0.709313,0.073,0.79587,buy
"Monolithic Power Systems, Inc.",MPWR,Technology,1.33,19135291392,1.057896,0.484,0.96244,buy
Monster Beverage Corporation,MNST,Consumer Defensive,2.14,51405856768,1.141176,0.191,0.65272003,buy
Moody's Corporation,MCO,Financial Services,4.82,52351295488,1.207352,0.193,0.95532,buy
Morgan Stanley,MS,Financial Services,,1.34E+11,1.407407,-0.11,0.65397,none
Mosaic Company (The),MOS,Basic Materials,-0.39,16675857408,1.629901,0.563,0.88637,buy
"Motorola Solutions, Inc.",MSI,Technology,1.43,36316233728,0.882352,0.021,0.88361,buy
"NRG Energy, Inc.",NRG,Utilities,0.3,8809307136,0.911274,2.476,1.01571,buy
NVIDIA Corporation,Null,Technology,0.93,3.93E+11,1.423039,0.528,0.65873003,buy
"NVR, Inc.",NVR,Consumer Cyclical,1.82,15196736512,1.021078,0.165,0.89911,hold
NXP Semiconductors N.V.,NXPI,Technology,1.14,43607691264,1.394607,0.212,0.94356,buy
"Nasdaq, Inc.",NDAQ,Financial Services,2.35,26265561088,0.906862,-0.071,0.78051,buy
"NetApp, Inc.",NTAP,Technology,1.35,14587480064,1.221796,0.08,0.93086,buy
"Netflix, Inc.",NFLX,Communication Services,1.38,84016652288,1.277564,0.098,0.80573,hold
Newell Brands Inc.,NWL,Consumer Defensive,2.52,8082599936,0.838235,0.044,0.94356,buy
Newmont Corporation,NEM,Basic Materials,,43436519424,0.427415,0.053,0.83492994,hold
News Corporation,NWS,Communication Services,,9436902400,1.335784,0.126,0.34395,none
News Corporation,NWS,Communication Services,1.04,9344013312,1.335784,0.126,0.98977995,buy
"NextEra Energy, Inc.",NEE,Utilities,2.74,1.54E+11,0.385294,-0.224,0.80127,buy
NiSource Inc,NI,Utilities,2.75,11678867456,0.375053,0.212,0.94918996,buy
Nielsen N.V.,NLSN,Industrials,2.38,8409320448,1.383141,0.016,1.18653,hold
"Nike, Inc.",NKE,Consumer Cyclical,2.03,1.65E+11,1.005534,-0.009,0.83291,buy
Nordson Corporation,NDSN,Industrials,1.67,11943475200,0.940825,0.078,0.73931,buy
Norfolk Southern Corporation,NSC,Industrials,1.42,54313705472,1.326096,0.105,0.76412004,buy
Northern Trust Corporation,NTRS,Financial Services,1.73,20616583168,1.12598,0.064,0.83262,hold
Northrop Grumman Corporation,NOC,Industrials,2.97,72564285440,0.740686,-0.039,0.84402,buy
NortonLifeLock Inc.,Null,Technology,1.61,13682878464,0.971568,0.099,1.03289,buy
Norwegian Cruise Line Holdings ,NCLH,Consumer Cyclical,0.2,4945391616,2.524478,167.368,0.56302,buy
Nucor Corporation,NUE,Basic Materials,0.12,31529347072,1.345098,0.495,0.83542,hold
"O'Reilly Automotive, Inc.",Null,Consumer Cyclical,1.91,46032924672,1.021078,0.066,0.86623,buy
ON Semiconductor Corporation,ON,Technology,0.52,24156860416,1.710294,0.276,0.96498,buy
"ONEOK, Inc.",OKE,Energy,1.47,24838690816,1.745588,1.109,0.67165,hold
Occidental Petroleum Corporatio,OXY,Energy,0.35,54834024448,2.094607,0.902,0.82332003,buy
"Old Dominion Freight Line, Inc.",ODFL,Industrials,0.92,29363458048,1.033333,0.329,0.74582,hold
Omnicom Group Inc.,OMC,Communication Services,1.08,13814209536,0.764705,-0.005,0.98699,buy
Oracle Corporation,ORCL,Technology,1.45,1.89E+11,0.830392,0.042,0.43271,hold
Organon & Co.,OGN,Healthcare,-1.28,8105993216,,-0.006,0.75063,buy
Otis Worldwide Corporation,OTIS,Industrials,2.44,29525694464,0.725558,0.002,0.85234,buy
PACCAR Inc.,Null,Industrials,1.43,27791519744,0.92598,0.107,0.66623,buy
"PNC Financial Services Group, I",PNC,Financial Services,-2.96,64841580544,1.243137,0.027,0.85541,buy
"PPG Industries, Inc.",PPG,Basic Materials,1.04,27728437248,1.220588,0.11,0.79941005,buy
PPL Corporation,PPL,Utilities,1.19,20667213824,0.810784,0.083,0.65232,buy
PTC Inc.,PTC,Technology,1.73,12051232768,1.261274,0.094,0.90613997,buy
PVH Corp.,Null,Consumer Cyclical,-1.19,3986624000,2.199509,0.163,1.05441,buy
Packaging Corporation of Americ,Null,Consumer Cyclical,1.39,12899750912,0.845588,0.182,0.97675,buy
Paramount Global,PARA,Communication Services,-1.63,,1.531372,0.164,0.71002996,hold
Parker-Hannifin Corporation,Null,Industrials,1.29,31917985792,1.65147,0.121,0.8308,buy
"PayPal Holdings, Inc.",PYPL,Financial Services,1.25,86839083008,1.289705,0.075,0.76733,buy
"Paychex, Inc.",PAYX,Industrials,2.36,41487052800,0.980882,0.148,0.71849,hold
"Paycom Software, Inc.",PAYC,Technology,1.93,18117586944,1.479901,0.29,0.76616997,buy
"Penn National Gaming, Inc.",Null,Consumer Cyclical,0.07,5322739712,2.393627,0.531,0.82192004,buy
Pentair plc.,PNR,Industrials,1.59,7646738432,1.113235,0.154,0.90462,hold
"Pepsico, Inc.",Null,Consumer Defensive,3.42,2.37E+11,0.653431,0.093,0.73058,buy
"PerkinElmer, Inc.",PKI,Healthcare,0.43,17055929344,1.10147,0.007,0.90005994,buy
"Pfizer, Inc.",PFE,Healthcare,-9.15,2.90E+11,0.721568,1.068,0.69549006,buy
Philip Morris International Inc,PM,Consumer Defensive,4.6,1.40E+11,0.789705,0.021,0.77129,buy
Phillips 66,PSX,Energy,1.22,35774808064,,0.697,0.68375,buy
Pinnacle West Capital Corporati,PNW,Utilities,183.3,7980815872,0.275,0.078,0.90052,hold
Pioneer Natural Resources Compa,PXD,Energy,0.5,50889732096,1.608823,1.763,0.92494005,buy
Pool Corporation,POOL,Consumer Cyclical,1.25,14986899456,0.890196,0.332,0.97257006,buy
Principal Financial Group Inc,PFG,Financial Services,0.77,16617175040,1.522058,0.087,0.77852994,hold
Procter & Gamble Company (The),PG,Consumer Defensive,4.28,3.51E+11,0.442647,0.07,0.65633005,buy
Progressive Corporation (The),PGR,Financial Services,0.76,67837153280,0.480392,0.035,0.85759,hold
"Prologis, Inc.",PLD,Real Estate,-5.72,89465962496,0.879901,0.066,0.96446,buy
"Prudential Financial, Inc.",PRU,Financial Services,3.29,34900742144,1.52696,0.023,0.60008997,hold
Public Service Enterprise Group,PEG,Utilities,2.73,30617954304,0.589705,0.272,0.72801,buy
Public Storage,PSA,Real Estate,1.69,54942232576,0.270098,0.227,0.80078006,buy
"PulteGroup, Inc.",PHM,Consumer Cyclical,0.43,11127525376,1.423529,0.168,0.94217,buy
QUALCOMM Incorporated,Null,Technology,0.72,1.62E+11,1.22598,0.407,0.76098,buy
"Qorvo, Inc.",QRVO,Technology,0.76,11042140160,1.368137,0.017,0.88805,buy
"Quanta Services, Inc.",PWR,Industrials,1.03,18241296384,1.171078,0.347,0.92569,buy
Quest Diagnostics Incorporated,DGX,Healthcare,-1.08,16666626048,1.104901,-0.04,0.95286006,buy
Ralph Lauren Corporation,RL,Consumer Cyclical,0.14,6847117312,1.424019,0.267,0.99806,buy
"Raymond James Financial, Inc.",RJF,Financial Services,1.44,18591688704,1.082352,0.101,0.80258006,buy
Raytheon Technologies Corporati,RTX,Industrials,1.18,1.37E+11,0.883823,0.03,0.80651003,buy
Realty Income Corporation,O,Real Estate,2.75,39778934784,0.80147,0.651,0.77242994,buy
Regency Centers Corporation,REG,Real Estate,3.51,10307021824,1.133333,0.151,1.01106,buy
"Regeneron Pharmaceuticals, Inc.",REGN,Healthcare,-0.87,65336672256,0.209313,1.044,0.86926,buy
Regions Financial Corporation,RF,Financial Services,0.36,18293501952,1.310784,-0.066,0.78363,buy
"Republic Services, Inc.",RSG,Industrials,2.49,40905256960,0.818137,0.148,0.96584,buy
ResMed Inc.,RMD,Healthcare,1.36,32860538880,0.325,0.125,0.6797,buy
Robert Half International Inc.,RHI,Industrials,1.28,8534558208,1.439215,0.298,0.90893996,hold
"Rockwell Automation, Inc.",ROK,Industrials,2.34,23939282944,1.438235,0.187,0.81991,hold
"Rollins, Inc.",ROL,Consumer Cyclical,5.61,17516943360,0.594117,0.103,0.41999,hold
"Roper Technologies, Inc.",ROP,Industrials,3.65,41682395136,1.068137,-0.001,0.95775,buy
"Ross Stores, Inc.",ROST,Consumer Cyclical,0.49,27552673792,1.070588,0.181,0.88989997,buy
S&P Global Inc.,SPGI,Financial Services,2.14,84217454592,1.053431,0.118,0.86981004,buy
SBA Communications Corporation,SBAC,Real Estate,2.01,34891505664,0.432352,0.129,0.9803,buy
STERIS plc (Ireland),STE,Healthcare,2.67,20930811904,0.639215,0.495,0.94149,buy
SVB Financial Group,SIVB,Financial Services,1.54,23980845056,1.82549,0.147,0.9333,buy
"Salesforce, Inc.",CRM,Technology,2.28,1.65E+11,1.091666,0.259,0.80164003,buy
Schlumberger N.V.,SLB,Energy,0.66,45304946688,2.037745,0.141,0.80078006,none
Seagate Technology Holdings PLC,STX,Technology,0.41,17272100864,1.02549,0.026,0.83639,none
Sealed Air Corporation,SEE,Consumer Cyclical,1.26,8388648960,1.244607,0.142,0.95765996,buy
"ServiceNow, Inc.",NOW,Technology,2.21,86688382976,1.036274,0.266,0.90842,buy
Sherwin-Williams Company (The),SHW,Basic Materials,1.96,64387473408,1.146078,0.074,0.79963,buy
Signature Bank,SBNY,Financial Services,1.34,11615349760,1.762745,0.482,0.97154,buy
"Simon Property Group, Inc.",SPG,Real Estate,2.41,31665727488,1.498529,0.173,0.88728,buy
"Skyworks Solutions, Inc.",SWKS,Technology,0.76,16714010624,1.095588,0,0.75898004,buy
Snap-On Incorporated,Null,Industrials,3.01,10592969728,1.190196,0.065,0.92496,hold
"SolarEdge Technologies, Inc.",SEDG,Technology,1.09,13962309632,0.95196,0.541,0.83448,buy
Southern Company (The),SO,Utilities,3.26,76655337472,0.519117,0.125,0.60814,hold
Southwest Airlines Company,LUV,Industrials,-0.71,23469201408,1.006385,1.288,0.80113,buy
"Stanley Black & Decker, Inc.",SWK,Industrials,0.93,17465724928,1.364705,0.195,0.97424006,buy
Starbucks Corporation,SBUX,Consumer Cyclical,3.11,,0.895098,0.193,0.6908,buy
State Street Corporation,STT,Financial Services,0.77,24010854400,1.553921,0.041,0.91837996,buy
Stryker Corporation,SYK,Healthcare,2.71,73471262720,0.986764,0.081,0.75626,buy
Synchrony Financial,SYF,Financial Services,0.16,17178460160,1.594607,0.011,1.00752,buy
"Synopsys, Inc.",SNPS,Technology,2.04,48225562624,1.167647,0.309,0.90147,buy
Sysco Corporation,SYY,Consumer Defensive,0.49,44918919168,1.25245,0.412,0.84834,buy
"T-Mobile US, Inc.",TMUS,Communication Services,0.77,1.72E+11,0.507843,0.018,0.42775002,buy
"T. Rowe Price Group, Inc.",TROW,Financial Services,0.9,26444865536,,0.02,0.74963,hold
TE Connectivity Ltd. New Switze,TEL,Technology,1.46,37741363200,1.323039,0.072,0.94573,none
"TJX Companies, Inc. (The)",TJX,Consumer Cyclical,1.36,72240816128,0.956862,0.266,0.94195,buy
"Take-Two Interactive Software, ",TTWO,Communication Services,1.57,14279905280,0.635294,0.049,0.91559,buy
"Tapestry, Inc.",TPR,Consumer Cyclical,0.4,8474404352,1.422549,0.27,0.92070997,buy
Target Corporation,TGT,Consumer Defensive,1.06,70273114112,1.058823,0.094,0.80948997,buy
Teledyne Technologies Incorpora,TDY,Technology,0.93,17823686656,1.093137,0.64,0.90922,buy
Teleflex Incorporated,TFX,Healthcare,1.84,11436738560,1.05245,0.012,0.92789,buy
"Teradyne, Inc.",TER,Technology,2.6,15281625088,1.499509,-0.034,1.0265499,buy
"Tesla, Inc.",TSLA,Consumer Cyclical,1.49,7.23E+11,2.079411,0.805,0.43125,buy
Texas Instruments Incorporated,TXN,Technology,1.87,1.48E+11,0.946568,0.144,0.85913,hold
Textron Inc.,TXT,Industrials,0.76,13258563584,1.710784,0.042,0.88878,none
The AES Corporation,AES,Utilities,1.56,13590950912,0.974031,0.082,0.95537,buy
The Bank of New York Mellon Cor,BK,Financial Services,1.23,35848888320,1.107352,-0.02,0.85148,buy
"The Cooper Companies, Inc.",COO,Healthcare,2.26,14501742592,0.85098,0.157,1.0135399,buy
The Hershey Company,HSY,Consumer Defensive,2.91,44661665792,0.40098,0.161,0.76488,hold
The Kraft Heinz Company,KHC,Consumer Defensive,-10.32,46525755392,0.987254,-0.055,0.79186994,hold
"The Travelers Companies, Inc.",TRV,Financial Services,1.83,38421684224,0.708823,0.06,0.84830004,hold
Thermo Fisher Scientific Inc,TMO,Healthcare,2.46,2.12E+11,0.82598,0.193,0.90467,buy
Tractor Supply Company,TSCO,Consumer Cyclical,1.4,23127207936,0.983333,0.083,0.86921,buy
Trane Technologies plc,TT,Industrials,0.84,30775681024,1.3,0.123,0.87041,hold
Transdigm Group Incorporated,TDG,Industrials,1.4,29732747264,1.464705,0.078,0.98774004,buy
Trimble Inc.,TRMB,Technology,2.2,14729149440,1.580392,0.116,0.93883,buy
Truist Financial Corporation,TFC,Financial Services,3.45,63287132160,1.143627,-0.003,0.74797,hold
"Twitter, Inc.",TWTR,Communication Services,0.26,30177282048,0.80147,0.159,0.75277,hold
"Tyler Technologies, Inc.",TYL,Technology,4.68,13895882752,0.77549,0.547,0.92375,buy
"Tyson Foods, Inc.",TSN,Consumer Defensive,1.31,29747226624,0.761274,0.236,0.88338995,buy
U.S. Bancorp,USB,Financial Services,1.92,69190909952,1.020008,-0.073,0.76988,hold
"UDR, Inc.",UDR,Real Estate,-6.09,13798970368,0.743627,0.184,1.03352,buy
"Ulta Beauty, Inc.",ULTA,Consumer Cyclical,0.46,21498707968,1.65196,0.241,0.92322,buy
Union Pacific Corporation,UNP,Industrials,1.21,1.34E+11,1.17549,0.172,0.8312,buy
"United Airlines Holdings, Inc.",UAL,Industrials,-0.51,12557235200,1.392647,1.349,0.58945,buy
"United Parcel Service, Inc.",UPS,Industrials,0.98,1.59E+11,1.113725,0.064,0.71172,buy
"United Rentals, Inc.",URI,Industrials,0.43,18231805952,1.839215,0.227,0.93417,buy
UnitedHealth Group Incorporated,UNH,Healthcare,1.51,4.99E+11,0.87745,0.142,0.89621,buy
"Universal Health Services, Inc.",UHS,Healthcare,1.1,8282839552,1.057843,0.093,1.02212,hold
V.F. Corporation,Null,Consumer Cyclical,0.32,17851942912,1.504411,0.22,0.87966,buy
VICI Properties Inc.,Null,Real Estate,1.97,20434456576,1.131681,0.027,0.82544,buy
Valero Energy Corporation,VLO,Energy,0.45,42760155136,1.981372,0.886,0.8258,buy
"Ventas, Inc.",VTR,Real Estate,,20280576000,1.171136,0.113,0.96061,buy
"VeriSign, Inc.",VRSN,Technology,3.52,19714123776,0.917156,0.072,0.95058,buy
"Verisk Analytics, Inc.",VRSK,Industrials,,28237615104,0.83908,0.068,0.96021,buy
Verizon Communications Inc.,VZ,Communication Services,2.65,2.14E+11,0.383567,0.021,0.6441,hold
Vertex Pharmaceuticals Incorpor,VRTX,Healthcare,,74895589376,0.494252,0.216,0.93988997,buy
Viatris Inc.,VTRS,Healthcare,-2.4,11912491008,1.373529,0.198,0.75393,hold
Visa Inc.,V,Financial Services,1.52,,0.921568,0.255,0.96185994,buy
Vornado Realty Trust,VNO,Real Estate,,5957606912,1.251596,0.163,0.83263,hold
Vulcan Materials Company (Holdi,VMC,Basic Materials,,19764293632,0.753086,0.442,0.9153,buy
W.R. Berkley Corporation,WRB,Financial Services,1.83,11133619200,0.788235,0.352,0.69304,buy
"W.W. Grainger, Inc.",GWW,Industrials,1.18,23565248512,1.249019,0.183,0.73083,hold
"WEC Energy Group, Inc.",WEC,Utilities,3.86,31780077568,0.287745,0.139,0.71079004,hold
"Walgreens Boots Alliance, Inc.",WBA,Healthcare,3.49,32855828480,0.548529,0.03,0.61285996,hold
Walmart Inc.,WMT,Consumer Defensive,,3.54E+11,0.522349,0.024,0.33099997,buy
Walt Disney Company (The),DIS,Communication Services,0.61,1.73E+11,1.155882,0.343,0.65793,buy
"Warner Bros. Discovery, Inc. - ",WBD,Communication Services,3.68,33878687744,1.351213,0.131,0.09328,buy
"Waste Management, Inc.",WM,Industrials,2.38,63588212736,0.87549,0.134,0.84810996,buy
Waters Corporation,WAT,Healthcare,2.43,20386736128,0.891176,0.063,0.90721,hold
Wells Fargo & Company,WFC,Financial Services,1.42,1.64E+11,1.15098,-0.061,0.74325997,buy
Welltower Inc.,WELL,Real Estate,7.7,36871282688,0.968922,0.327,0.99037004,buy
"West Pharmaceutical Services, I",WST,Healthcare,3.06,22256504832,1.054411,0.074,0.95862,buy
Western Digital Corporation,WDC,Technology,0.35,14774046720,1.587745,0.059,0.83294,buy
Westinghouse Air Brake Technolo,Null,Industrials,2.53,15537901568,1.574509,0.053,0.95405996,buy
Westrock Company,Null,Consumer Cyclical,0.48,10363035648,1.119117,0.125,0.96391,buy
Weyerhaeuser Company,WY,Real Estate,2.52,26051784704,1.67549,0.242,0.88001996,buy
Whirlpool Corporation,WHR,Consumer Cyclical,7.61,9681235968,1.708333,-0.082,1.06492,hold
"Williams Companies, Inc. (The)",WMB,Energy,,38221152256,1.22435,0.026,0.86906,buy
Willis Towers Watson Public Lim,WTW,Financial Services,2.23,21729009664,0.796083,-0.031,0.97888,none
"Wynn Resorts, Limited",WYNN,Consumer Cyclical,,6432578560,2.186036,0.294,0.61819,buy
Xcel Energy Inc.,XEL,Utilities,3.28,37685768192,0.366666,0.059,0.74116,buy
Xylem Inc.,XYL,Industrials,,13917586432,1.068114,0.013,0.94119,hold
"Yum! Brands, Inc.",YUM,Consumer Cyclical,,33692127232,1.018305,0.041,0.8653,buy
Zebra Technologies Corporation,ZBRA,Technology,,15634408448,1.606641,0.063,0.89836997,buy
"Zimmer Biomet Holdings, Inc.",ZBH,Healthcare,2.63,21624068096,1.20049,-0.133,0.95873,hold
Zions Bancorporation N.A.,ZION,Financial Services,-0.3,7921722368,1.265196,-0.15,0.85188,buy
Zoetis Inc.,ZTS,Healthcare,,82143584256,0.728395,0.061,0.93753,buy
eBay Inc.,EBAY,Consumer Cyclical,1.19,27300032512,1.154411,0.054,0.94995004,buy
